,Average User Satisfaction,k
0,0.3175496688741722,1
1,0.8394039735099338,5
2,0.9127483443708609,10
3,0.9408940397350993,20
4,0.9609271523178808,50
