,Average Weigthed Hit Rate,k
0,3.604635761589404,1
1,4.003675496688742,5
2,3.186390728476821,10
3,2.1708774834437086,20
4,1.170155629139073,50
