,Average User Satisfaction,k
0,0.2826158940397351,1
1,0.7645695364238411,5
2,0.8175496688741721,10
3,0.8394039735099338,20
4,0.8562913907284768,50
