,Kendall Distance,p
0,130.0925993377477,0.05
1,162.293079470199,0.2
