,Average User Satisfaction,k
0,0.01009933774834437,1
1,0.05016556291390729,5
2,0.09089403973509934,10
3,0.1672185430463576,20
4,0.3259933774834437,50
