,Average Weigthed Hit Rate,k
0,0.17781456953642383,1
1,0.1990066225165563,5
2,0.19682119205298015,10
3,0.20170529801324502,20
4,0.19821523178807943,50
