,Kendall Distance,p
0,223.79033940397395,0.05
1,259.13552980132397,0.2
