,Average User Satisfaction,k
0,0.01903973509933775,1
1,0.09917218543046358,5
2,0.1759933774834437,10
3,0.3109271523178808,20
4,0.551158940397351,50
