,Average Weigthed Hit Rate,k
0,0.2950331125827815,1
1,0.3062251655629139,5
2,0.2922350993377483,10
3,0.2625993377483444,20
4,0.21581456953642383,50
