,Average User Satisfaction,k
0,0.020033112582781457,1
1,0.0836092715231788,5
2,0.14221854304635762,10
3,0.21556291390728477,20
4,0.33774834437086093,50
