,Average User Satisfaction,k
0,0.028311258278145696,1
1,0.12019867549668874,5
2,0.2029801324503311,10
3,0.30149006622516555,20
4,0.45596026490066227,50
