,Kendall Distance,p
0,148.87033940397313,0.05
1,184.174900662252,0.2
