,Average User Satisfaction,k
0,0.0031456953642384107,1
1,0.05397350993377483,5
2,0.11225165562913907,10
3,0.2139072847682119,20
4,0.3357615894039735,50
