,Average Weigthed Hit Rate,k
0,0.030463576158940398,1
1,0.12149006622516556,5
2,0.13778145695364238,10
3,0.15938741721854305,20
4,0.13894370860927152,50
