,Kendall Distance,p
0,153.1423923841055,0.05
5,187.9389403973516,0.2
