,Average User Satisfaction,k
0,0.001986754966887417,1
1,0.03708609271523179,5
2,0.07731788079470199,10
3,0.1478476821192053,20
4,0.24403973509933774,50
