,Kendall Distance,p
0,214.53830463576242,0.05
1,257.82143046357515,0.2
