,Average User Satisfaction,k
0,0.007152317880794703,1
1,0.018940397350993378,5
2,0.03129139072847682,10
3,0.05039735099337748,20
4,0.09076158940397351,50
