,Average User Satisfaction,k
0,0.0028807947019867546,1
1,0.0068543046357615895,5
2,0.011721854304635761,10
3,0.020860927152317882,20
4,0.042417218543046364,50
