,Average Weigthed Hit Rate,k
0,0.08791390728476821,1
1,0.03804635761589404,5
2,0.032463576158940396,10
3,0.02907615894039735,20
4,0.02787549668874172,50
